2.544074229181300661e-02,2.604610066369751967e-02,0.000000000000000000e+00,2.479928200310749925e-02
2.544074229181039412e-02,2.604610066369758212e-02,0.000000000000000000e+00,2.479928200310859213e-02
1.471884415646746713e-01,1.531781564392541151e-01,1.461602748049506129e-01,1.521473900809888480e-01
1.471884415646746436e-01,1.531781564392532546e-01,1.461602748049507239e-01,1.521473900809907354e-01
5.888148951647098617e-02,6.399881552020474096e-02,4.470480709452519241e-02,4.885199056749768565e-02
5.888148951647247803e-02,6.399881552020328379e-02,4.470480709452529650e-02,4.885199056749824076e-02
2.438827621776042398e-01,2.718125043745064917e-01,1.896550108129229084e-01,2.121722385684728096e-01
2.438827621776057941e-01,2.718125043745064362e-01,1.896550108129231582e-01,2.121722385684734480e-01
0.000000000000000000e+00,2.910730034658905868e-02,0.000000000000000000e+00,0.000000000000000000e+00
0.000000000000000000e+00,2.910730034658907603e-02,0.000000000000000000e+00,0.000000000000000000e+00
1.537418129658370269e-01,1.594555583568496582e-01,1.591756690904265470e-01,1.646285291658629579e-01
1.537418129658331412e-01,1.594555583568490476e-01,1.591756690904270188e-01,1.646285291658632077e-01
5.912769221160106559e-02,6.422614713513377649e-02,4.517823617567762184e-02,4.928332943581179709e-02
5.912769221160035782e-02,6.422614713513390139e-02,4.517823617567720551e-02,4.928332943581125586e-02
2.536354513417214407e-01,2.814985728029133494e-01,2.083318513833806451e-01,2.312679400952582787e-01
2.536354513417172774e-01,2.814985728029132384e-01,2.083318513833811170e-01,2.312679400952586950e-01
0.000000000000000000e+00,0.000000000000000000e+00,3.444027261326023520e-02,0.000000000000000000e+00
0.000000000000000000e+00,0.000000000000000000e+00,3.444027261326020051e-02,0.000000000000000000e+00
1.389045733724837695e-01,1.022608368626823638e-01,1.320024104868695591e-01,1.365502219471437517e-01
1.389045733718629050e-01,1.022608367952294872e-01,1.320024104868695314e-01,1.365502219471406431e-01
4.179885460660224400e-02,4.528984896066244603e-02,3.021139627185779122e-02,3.272558937272897900e-02
4.179885460660322932e-02,4.528984896066338972e-02,3.021139627185788143e-02,3.272558937272827123e-02
2.439198535443254934e-01,2.701018555668405208e-01,1.959537904429518307e-01,2.168936228910511022e-01
2.439198535443274085e-01,2.701018555669397192e-01,1.959537904429520250e-01,2.168936228910511022e-01
1.840069570200483229e-01,1.797801801921506681e-01,2.304611520858594054e-01,2.278369026326646507e-01
1.840069570200237314e-01,1.797801801921505849e-01,2.304611520858589058e-01,2.278369026326644564e-01
2.273886864431708676e-01,2.304539339707337153e-01,2.618661792171870228e-01,2.640939302701739710e-01
2.273886864431749477e-01,2.304539339707326329e-01,2.618661792171865788e-01,2.640939302701740266e-01
0.000000000000000000e+00,4.880269784512417108e-02,0.000000000000000000e+00,0.000000000000000000e+00
0.000000000000000000e+00,4.880269784512407394e-02,0.000000000000000000e+00,0.000000000000000000e+00
3.404051626466909064e-01,3.657660973907974622e-01,3.342190377641020005e-01,3.557657665590329144e-01
3.404051626466914615e-01,3.657660973907976842e-01,3.342190377641016674e-01,3.557657665590329144e-01
2.857514892586977551e-01,2.811239351649585938e-01,2.798239635302481876e-01,2.751488305454790062e-01
2.857514892586977551e-01,2.811239351649585938e-01,2.798239635302486317e-01,2.751488305454787286e-01
3.352864375633392013e-01,3.386318734067748637e-01,3.332370701945515101e-01,3.365851613202450743e-01
3.352864375633394789e-01,3.386318734067750857e-01,3.332370701945515656e-01,3.365851613202450743e-01
6.749517635199744903e-02,7.203396897108985120e-02,5.092706069685649234e-02,5.470356195226257212e-02
6.749517635199742127e-02,7.203396897108969854e-02,5.092706069685598580e-02,5.470356195226261375e-02
4.476336927816849665e-01,4.795270384011691700e-01,3.782618798572756624e-01,4.068801574517946773e-01
4.476336927816840783e-01,4.795270384011690590e-01,3.782618798572756624e-01,4.068801574517946773e-01
2.898051418003033675e-01,2.853009355445428330e-01,2.878460109582924864e-01,2.834165340351060824e-01
2.898051418003028123e-01,2.853009355445426110e-01,2.878460109582924309e-01,2.834165340351059159e-01
3.384738179411926895e-01,3.417718957574445438e-01,3.395717718803442087e-01,3.428264300381370644e-01
3.384738179411917458e-01,3.417718957574444882e-01,3.395717718803442642e-01,3.428264300381395069e-01
6.779014612514407123e-02,7.229876545271395061e-02,5.136440451845882688e-02,5.509741389494503955e-02
6.779014612514325244e-02,7.229876545271472776e-02,5.136440451845888239e-02,5.509741389494553915e-02
4.508947655500334384e-01,4.826247429124219113e-01,3.859349684392531232e-01,4.143661269151137638e-01
4.508947655500327722e-01,4.826247429124206345e-01,3.859349684392528457e-01,4.143661269151138193e-01
2.319865273217719404e-01,2.272107392047512386e-01,1.951467886235035698e-01,1.906889309817002831e-01
2.319865273217715518e-01,2.272107392046627261e-01,1.951467886235032922e-01,1.906889309817003941e-01
2.805367767530443923e-01,2.838346024179044247e-01,2.421018463030689682e-01,2.452267232020038379e-01
2.805367767530441703e-01,2.838346024181339633e-01,2.421018463030689127e-01,2.452267232020038379e-01
0.000000000000000000e+00,4.967360879113766337e-02,0.000000000000000000e+00,3.570843334463952995e-02
0.000000000000000000e+00,4.967360879113763561e-02,0.000000000000000000e+00,3.570843334463952995e-02
3.962807408322822078e-01,4.259842425021909684e-01,3.044519526207946636e-01,3.293968341000027555e-01
3.962807408322822633e-01,4.259842425021909684e-01,3.044519526207940530e-01,3.293968341000027555e-01
2.970753902014059422e-01,2.939537480156466653e-01,3.003919141169010820e-01,2.980799754343578245e-01
2.970753902014057757e-01,2.939537480156460547e-01,3.003919141169009155e-01,2.980799754343578245e-01
3.332386681691412722e-01,3.358166458804957011e-01,3.304414504454482593e-01,3.324899357538870781e-01
3.332386681691415498e-01,3.358166458804953125e-01,3.304414504454480372e-01,3.324899357538870781e-01
0.000000000000000000e+00,0.000000000000000000e+00,0.000000000000000000e+00,0.000000000000000000e+00
0.000000000000000000e+00,0.000000000000000000e+00,0.000000000000000000e+00,0.000000000000000000e+00
4.474965663881682598e-01,4.748053189405068708e-01,4.013497779470843185e-01,4.241512410699733726e-01
4.474965663881683153e-01,4.748053189405069263e-01,4.013497779470843185e-01,4.241512410699733726e-01
0.000000000000000000e+00,0.000000000000000000e+00,0.000000000000000000e+00,0.000000000000000000e+00
0.000000000000000000e+00,0.000000000000000000e+00,0.000000000000000000e+00,0.000000000000000000e+00
1.376902086167534622e-01,1.442777117829833200e-01,1.366649863285856470e-01,1.432506078914728698e-01
1.376902086167534345e-01,1.442777117829839584e-01,1.366649863285855637e-01,1.432506078914729530e-01
5.046384762480195241e-02,5.634631596414742261e-02,3.790596078064115138e-02,4.265280862673041795e-02
5.046384762480343733e-02,5.634631596414964305e-02,3.790596078064104035e-02,4.265280862673099388e-02
2.003109237945099597e-01,2.304358091652733420e-01,1.549528000463707977e-01,1.788898952791748986e-01
2.003109237945099874e-01,2.304358091652731200e-01,1.549528000463716304e-01,1.788898952791752039e-01
0.000000000000000000e+00,0.000000000000000000e+00,0.000000000000000000e+00,0.000000000000000000e+00
0.000000000000000000e+00,0.000000000000000000e+00,0.000000000000000000e+00,0.000000000000000000e+00
1.447487294160937077e-01,1.509763386241978755e-01,1.506500457629493250e-01,1.565459595227788325e-01
1.447487294160935689e-01,1.509763386241987082e-01,1.506500457629497136e-01,1.565459595227789158e-01
5.074833045636960305e-02,5.660299740265897772e-02,3.846338632516117101e-02,4.314949795260916710e-02
5.074833045636965856e-02,5.660299740266135776e-02,3.846338632516115019e-02,4.314949795260970139e-02
2.100763769888377985e-01,2.402056753527869459e-01,1.728106642684307526e-01,1.973368746065733148e-01
2.100763769888372712e-01,2.402056753527867794e-01,1.728106642684308358e-01,1.973368746065725932e-01
0.000000000000000000e+00,0.000000000000000000e+00,5.664694272745047360e-02,4.191828414662848723e-02
0.000000000000000000e+00,0.000000000000000000e+00,5.664694272745028625e-02,4.191828414662792518e-02
1.307219805457544570e-01,1.363854089125852154e-01,1.249329501902022022e-01,1.298160502259870230e-01
1.307219805457536799e-01,1.363854089125853541e-01,1.249329501902021189e-01,1.298160502259874671e-01
3.608232340076431011e-02,4.007345123706590462e-02,2.612167835194361895e-02,2.897298881928893344e-02
3.608232340076559380e-02,4.007345123706602952e-02,2.612167835194196056e-02,2.897298881928813200e-02
2.028731843203746832e-01,2.312803268112804400e-01,1.634596832407227418e-01,1.859036339591726150e-01
2.028731843203743501e-01,2.312803268112804400e-01,1.634596832407232692e-01,1.859036339591727260e-01
1.899474888467226896e-01,1.859221652572173034e-01,2.342335992149080226e-01,2.316668396239695282e-01
1.899474888467232725e-01,1.859221652572169425e-01,2.342335992149083279e-01,2.316668396239693895e-01
2.227918792113928459e-01,2.259446596961345310e-01,2.585569178939694512e-01,2.608224651159490870e-01
2.227918792113948443e-01,2.259446596961506570e-01,2.585569178939694512e-01,2.608224651159490870e-01
0.000000000000000000e+00,0.000000000000000000e+00,0.000000000000000000e+00,0.000000000000000000e+00
0.000000000000000000e+00,0.000000000000000000e+00,0.000000000000000000e+00,0.000000000000000000e+00
3.003615738373405786e-01,3.281129091290064248e-01,3.005937232112834701e-01,3.238407814825551290e-01
3.003615738373403565e-01,3.281129091290064803e-01,3.005937232112830815e-01,3.238407814825555175e-01
2.922535484022612540e-01,2.878478837308210969e-01,2.863845039203253839e-01,2.819402294824358002e-01
2.922535484022619756e-01,2.878478837308210969e-01,2.863845039203252729e-01,2.819402294824352451e-01
3.302713860368022836e-01,3.337107681315334418e-01,3.282173984683877110e-01,3.316600338901760092e-01
3.302713860368030607e-01,3.337107681315337193e-01,3.282173984683882106e-01,3.316600338901762868e-01
6.027513278342316871e-02,6.528426681755328254e-02,4.488155509430871715e-02,4.907968090970431241e-02
6.027513278342360586e-02,6.528426681755335192e-02,4.488155509430871715e-02,4.907968090970452057e-02
3.969215254329681031e-01,4.321110460627580752e-01,3.335015836468858130e-01,3.644621883593747724e-01
3.969215254329681031e-01,4.321110460627582972e-01,3.335015836468855355e-01,3.644621883593748279e-01
2.961472645465988429e-01,2.918483424556777006e-01,2.940882045164691094e-01,2.898563748971143550e-01
2.961472645465982323e-01,2.918483424556780892e-01,2.940882045164690539e-01,2.898563748971142440e-01
3.335330635550572964e-01,3.369210533144633701e-01,3.346985949023397744e-01,3.380399094572741903e-01
3.335330635550569078e-01,3.369210533144633701e-01,3.346985949023397189e-01,3.380399094572742458e-01
0.000000000000000000e+00,6.559700773676770125e-02,4.542221989329463250e-02,4.954305205824707792e-02
0.000000000000000000e+00,6.559700773676852004e-02,4.542221989329544435e-02,4.954305205824666852e-02
4.004690491775679817e-01,4.354560905811640792e-01,3.414848675346645046e-01,3.722283212961313148e-01
4.004690491775677041e-01,4.354560905811641902e-01,3.414848675346646711e-01,3.722283212961313148e-01
2.386455406843741300e-01,2.341397922504580842e-01,2.013858605276925284e-01,1.971616442170561756e-01
2.386455406843732974e-01,2.341397922504577789e-01,2.013858605276922786e-01,1.971616442170561478e-01
2.755790489684074585e-01,2.789809827880353477e-01,2.374034225219494032e-01,2.406275015984666865e-01
2.755790489684086242e-01,2.789809827880349591e-01,2.374034225219491812e-01,2.406275015984666310e-01
0.000000000000000000e+00,0.000000000000000000e+00,0.000000000000000000e+00,0.000000000000000000e+00
0.000000000000000000e+00,0.000000000000000000e+00,0.000000000000000000e+00,0.000000000000000000e+00
3.489653958632860098e-01,3.818094490238530536e-01,2.655887017056013932e-01,2.924473623115058096e-01
3.489653958632859543e-01,3.818094490238530536e-01,2.655887017056014487e-01,2.924473623115055876e-01
3.015489096886266318e-01,2.985068862612444418e-01,3.037330643214116721e-01,3.014575267108774992e-01
3.015489096886270759e-01,2.985068862612444418e-01,3.037330643214115611e-01,3.014575267108776102e-01
3.294030379329768166e-01,3.320297451803123634e-01,3.274079250870517988e-01,3.294834650846857338e-01
3.294030379329767610e-01,3.320297451803130850e-01,3.274079250870522428e-01,3.294834650846857893e-01
0.000000000000000000e+00,0.000000000000000000e+00,0.000000000000000000e+00,0.000000000000000000e+00
0.000000000000000000e+00,0.000000000000000000e+00,0.000000000000000000e+00,0.000000000000000000e+00
4.043567369520500998e-01,4.342525312609464283e-01,3.659402098211460563e-01,3.903949544989434584e-01
4.043567369520501553e-01,4.342525312609464838e-01,3.659402098211459453e-01,3.903949544989409048e-01
0.000000000000000000e+00,0.000000000000000000e+00,0.000000000000000000e+00,0.000000000000000000e+00
0.000000000000000000e+00,0.000000000000000000e+00,0.000000000000000000e+00,0.000000000000000000e+00
1.278027094332648272e-01,1.351473580336290947e-01,1.267787987924523518e-01,1.341226555540639132e-01
1.278027094332646330e-01,1.351473580336287061e-01,1.267787987924524351e-01,1.341226555540640242e-01
4.112264942595691974e-02,4.812887047446862132e-02,3.045361651805583714e-02,3.603064174870684172e-02
4.112264942595606626e-02,4.812887047446679639e-02,3.045361651805610081e-02,3.603064174870676539e-02
1.558638250206748899e-01,1.887954453330991100e-01,1.200900035533307153e-01,1.458684104404905091e-01
1.558638250206751952e-01,1.887954453330991933e-01,1.200900035533311178e-01,1.458684104404905646e-01
0.000000000000000000e+00,0.000000000000000000e+00,7.843263663406127573e-02,0.000000000000000000e+00
0.000000000000000000e+00,0.000000000000000000e+00,7.843263663406171982e-02,0.000000000000000000e+00
1.355001576415544307e-01,1.423578083793033133e-01,1.419734071924159124e-01,1.483971130772611391e-01
1.355001576415549858e-01,1.423578083793030913e-01,1.419734071924156904e-01,1.483971130772616387e-01
4.146452890799844082e-02,4.842597335121804486e-02,3.112821859970269986e-02,3.661493275758410937e-02
4.146452890799964819e-02,4.842597335121974489e-02,3.112821859970273108e-02,3.661493275758487265e-02
1.654831715412053983e-01,1.985409282328552405e-01,1.368630970276593084e-01,1.634715490088888279e-01
1.654831715412046211e-01,1.985409282328551295e-01,1.368630970276589753e-01,1.634715490088885781e-01
5.884901740609316256e-02,0.000000000000000000e+00,7.243621735889185786e-02,6.130784406638183776e-02
5.884901740609456422e-02,0.000000000000000000e+00,7.243621735889188562e-02,6.130784406638217776e-02
1.223413447062869780e-01,1.285516380111330903e-01,1.178039944232842778e-01,1.230747393794363598e-01
1.223413447062870751e-01,1.285516380111331181e-01,1.178039944232844999e-01,1.230747393794366373e-01
2.979227161987959768e-02,3.450374424967940501e-02,2.167602547864472956e-02,2.499990699083125961e-02
2.979227161988029504e-02,3.450374424967687925e-02,2.167602547864479895e-02,2.499990699083159615e-02
1.606972883389719553e-01,1.919779205121739662e-01,1.305103135192661745e-01,1.549051248705691497e-01
1.606972883389728435e-01,1.919779205121737720e-01,1.305103135192662023e-01,1.549051248705693162e-01
1.952532977210942322e-01,1.913930501793293104e-01,2.376820813346982031e-01,2.351659172229275396e-01
1.952532977210941212e-01,1.913930501793297267e-01,2.376820813346982308e-01,2.351659172229280115e-01
2.183776595446768054e-01,2.216192188507074279e-01,2.554164399514264328e-01,2.577189878379554933e-01
2.183776595446764168e-01,2.216192188507074834e-01,2.554164399514263772e-01,2.577189878379556598e-01
0.000000000000000000e+00,0.000000000000000000e+00,0.000000000000000000e+00,0.000000000000000000e+00
0.000000000000000000e+00,0.000000000000000000e+00,0.000000000000000000e+00,0.000000000000000000e+00
2.588320342203959679e-01,2.896705741268045808e-01,2.663928758479770509e-01,2.917149753528088252e-01
2.588320342203957458e-01,2.896705741268053580e-01,2.663928758479767733e-01,2.917149753528084921e-01
2.980603532475691320e-01,2.938356128844913373e-01,2.922362191213447313e-01,2.879794500463251916e-01
2.980603532475692985e-01,2.938356128844912818e-01,2.922362191213446758e-01,2.879794500463249141e-01
3.254578609696468505e-01,3.289924197936750505e-01,3.233986626494105288e-01,3.269371244423833756e-01
3.254578609696470726e-01,3.289924197936745509e-01,3.233986626494104177e-01,3.269371244423830980e-01
0.000000000000000000e+00,0.000000000000000000e+00,0.000000000000000000e+00,0.000000000000000000e+00
0.000000000000000000e+00,0.000000000000000000e+00,0.000000000000000000e+00,0.000000000000000000e+00
3.439250560694318004e-01,3.833146103445955188e-01,2.877579852590806397e-01,3.216532730057491962e-01
3.439250560694324110e-01,3.833146103445955188e-01,2.877579852590805842e-01,3.216532730057490297e-01
3.018229805217637618e-01,2.976925753276081221e-01,2.996791383803835696e-01,2.956100217885833659e-01
3.018229805217639283e-01,2.976925753276076225e-01,2.996791383803837361e-01,2.956100217885836434e-01
3.287948610143862638e-01,3.322737138116952371e-01,3.300282640591368222e-01,3.334569814799894227e-01
3.287948610143858197e-01,3.322737138116954037e-01,3.300282640591370442e-01,3.334569814799894782e-01
0.000000000000000000e+00,0.000000000000000000e+00,0.000000000000000000e+00,0.000000000000000000e+00
0.000000000000000000e+00,0.000000000000000000e+00,0.000000000000000000e+00,0.000000000000000000e+00
3.478154745803837544e-01,3.869454183675836156e-01,2.960922570206381832e-01,3.297234170923961649e-01
3.478154745803840320e-01,3.869454183675836711e-01,2.960922570206384052e-01,3.297234170923959429e-01
2.445470839289339560e-01,2.402574466410928034e-01,2.069317923230698242e-01,2.028993302735899451e-01
2.445470839289344833e-01,2.402574466410933585e-01,2.069317923230700740e-01,2.028993302735900561e-01
2.708034841657485647e-01,2.743118571816122730e-01,2.328772048966854802e-01,2.362024169011501529e-01
2.708034841657478431e-01,2.743118571816118845e-01,2.328772048966854247e-01,2.362024169011505415e-01
0.000000000000000000e+00,0.000000000000000000e+00,0.000000000000000000e+00,0.000000000000000000e+00
0.000000000000000000e+00,0.000000000000000000e+00,0.000000000000000000e+00,0.000000000000000000e+00
2.994051577662656949e-01,3.362510388510526749e-01,2.261502803040350562e-01,2.553426247240232483e-01
2.994051577662658059e-01,3.362510388510527859e-01,2.261502803040351950e-01,2.553426247240231373e-01
3.056247668795509798e-01,3.026520748628508950e-01,3.068048209734286491e-01,3.045619114297034025e-01
3.056247668795513683e-01,3.026520748628512836e-01,3.068048209734285381e-01,3.045619114297037910e-01
3.257559429744995017e-01,3.284306258445175430e-01,3.245399497563342117e-01,3.266416533734637917e-01
3.257559429744993351e-01,3.284306258445173765e-01,3.245399497563339342e-01,3.266416533734640137e-01
0.000000000000000000e+00,0.000000000000000000e+00,0.000000000000000000e+00,0.000000000000000000e+00
0.000000000000000000e+00,0.000000000000000000e+00,0.000000000000000000e+00,0.000000000000000000e+00
3.597387363224958112e-01,3.928497643606331802e-01,3.302438494800679081e-01,3.566367890876481206e-01
3.597387363224957002e-01,3.928497643606332912e-01,3.302438494800680746e-01,3.566367890876476765e-01
6.666297152393510506e-02,0.000000000000000000e+00,6.408670136480273949e-02,0.000000000000000000e+00
6.666297152393485526e-02,0.000000000000000000e+00,6.408670136480240642e-02,0.000000000000000000e+00
1.172510942549123414e-01,1.256094872211462043e-01,1.162262164491559974e-01,1.245855934009367505e-01
1.172510942549117724e-01,1.256094872211461488e-01,1.162262164491560945e-01,1.245855934009375277e-01
3.006754148030734222e-02,3.893772840331644058e-02,2.188910409732191392e-02,2.873473666201544971e-02
3.006754148030804652e-02,3.893772840331553853e-02,2.188910409732213944e-02,2.873473666201467255e-02
1.091555323750853790e-01,1.461134079935748342e-01,8.403784237753054998e-02,1.125146101055097825e-01
1.091555323750865031e-01,1.461134079935745012e-01,8.403784237753050834e-02,1.125146101055095049e-01
8.600391842014143418e-02,6.410396426632648803e-02,9.755538798816081048e-02,8.340205540061236544e-02
8.600391842014143418e-02,6.410396426632555822e-02,9.755538798816036639e-02,8.340205540061268463e-02
1.258054674861810995e-01,1.334681433829471020e-01,1.330101675779495340e-01,1.400821712977370348e-01
1.258054674861814048e-01,1.334681433829468244e-01,1.330101675779498949e-01,1.400821712977368960e-01
3.051185707564595465e-02,3.929618509347831967e-02,2.273807313105236788e-02,2.944053170128315550e-02
3.051185707564596852e-02,3.929618509347778538e-02,2.273807313105256217e-02,2.944053170128394306e-02
1.183662349159703697e-01,1.556724717474819164e-01,9.933600455595843759e-02,1.290104459284365512e-01
1.183662349159700783e-01,1.556724717474828878e-01,9.933600455595843759e-02,1.290104459284364125e-01
7.953169934662447649e-02,6.430274617101981727e-02,8.425380881899309504e-02,7.523172146207626754e-02
7.953169934662440710e-02,6.430274617101958134e-02,8.425380881899355301e-02,7.523172146207648958e-02
1.136093391812640629e-01,1.205059610641515400e-01,1.105333248218827169e-01,1.162609615354451426e-01
1.136093391812644793e-01,1.205059610641514012e-01,1.105333248218825642e-01,1.162609615354451287e-01
2.246593334286448376e-02,2.833246223118563237e-02,1.659779952978140613e-02,2.065440639703648371e-02
2.246593334286351579e-02,2.833246223118473031e-02,1.659779952978074000e-02,2.065440639703479755e-02
1.160034527057717951e-01,1.513991458983661720e-01,9.606339498636881635e-02,1.233055638956674915e-01
1.160034527057719478e-01,1.513991458983666438e-01,9.606339498636894125e-02,1.233055638956683936e-01
2.000416393759096301e-01,1.963195691059388404e-01,2.408549332118684327e-01,2.383837398664005458e-01
2.000416393759096301e-01,1.963195691059387571e-01,2.408549332118685438e-01,2.383837398664003515e-01
2.141211415989200950e-01,2.174530382371266668e-01,2.524245660692024384e-01,2.547634309805065222e-01
2.141211415989197342e-01,2.174530382371275272e-01,2.524245660692024940e-01,2.547634309805070219e-01
0.000000000000000000e+00,0.000000000000000000e+00,7.305047262351943571e-02,0.000000000000000000e+00
0.000000000000000000e+00,0.000000000000000000e+00,7.305047262351979653e-02,0.000000000000000000e+00
2.144898427812628183e-01,2.496270894299449650e-01,2.309495587027694807e-01,2.589303444188064129e-01
2.144898427812630126e-01,2.496270894299449372e-01,2.309495587027695085e-01,2.589303444188063019e-01
3.033010809169220390e-01,2.992273245777047896e-01,2.975122334006521374e-01,2.934114574264735098e-01
3.033010809169223165e-01,2.992273245777045121e-01,2.975122334006520819e-01,2.934114574264733988e-01
3.208185906379136809e-01,3.244499013537818777e-01,3.187535906972817634e-01,3.223895097228258178e-01
3.208185906379137364e-01,3.244499013537817667e-01,3.187535906972819855e-01,3.223895097228260953e-01
0.000000000000000000e+00,0.000000000000000000e+00,0.000000000000000000e+00,0.000000000000000000e+00
0.000000000000000000e+00,0.000000000000000000e+00,0.000000000000000000e+00,0.000000000000000000e+00
2.869885319803855972e-01,3.321316085231542647e-01,2.398884637209647286e-01,2.777300241713343554e-01
2.869885319803852086e-01,3.321316085231543203e-01,2.398884637209645898e-01,2.777300241713344664e-01
3.069538495514591014e-01,3.029648270959458545e-01,3.047367028721104099e-01,3.008044101961771521e-01
3.069538495514589349e-01,3.029648270959461320e-01,3.047367028721104099e-01,3.008044101961772077e-01
3.242322225984420880e-01,3.278032027658278613e-01,3.255340576240384753e-01,3.290512138951202648e-01
3.242322225984421991e-01,3.278032027658278058e-01,3.255340576240387529e-01,3.290512138951201537e-01
0.000000000000000000e+00,0.000000000000000000e+00,0.000000000000000000e+00,0.000000000000000000e+00
0.000000000000000000e+00,0.000000000000000000e+00,0.000000000000000000e+00,0.000000000000000000e+00
2.913180397039331626e-01,3.361059301010118627e-01,2.486577388352380347e-01,2.861481178196480513e-01
2.913180397039334957e-01,3.361059301010117517e-01,2.486577388352381457e-01,2.861481178196478292e-01
2.498404128851327843e-01,2.457283518829590230e-01,2.119154248647401040e-01,2.080432984743211811e-01
2.498404128851328954e-01,2.457283518829590507e-01,2.119154248647400485e-01,2.080432984743212921e-01
2.661836288697447261e-01,2.698012246555736016e-01,2.284986391194756550e-01,2.319272674776104715e-01
2.661836288697448927e-01,2.698012246555738236e-01,2.284986391194758215e-01,2.319272674776103327e-01
0.000000000000000000e+00,0.000000000000000000e+00,0.000000000000000000e+00,0.000000000000000000e+00
0.000000000000000000e+00,0.000000000000000000e+00,0.000000000000000000e+00,0.000000000000000000e+00
2.461164997842637259e-01,2.883649762943056305e-01,1.852701462747805283e-01,2.175511366838250304e-01
2.461164997842635038e-01,2.883649762943055195e-01,1.852701462747803618e-01,2.175511366838247806e-01
3.093642040923548220e-01,3.064525781585503705e-01,3.096452491531101470e-01,3.074318141708848318e-01
3.093642040923550440e-01,3.064525781585500930e-01,3.096452491531101470e-01,3.074318141708848873e-01
3.222746470572658839e-01,3.249966888301236145e-01,3.218178931934083109e-01,3.239449678972964874e-01
3.222746470572658284e-01,3.249966888301232815e-01,3.218178931934083664e-01,3.239449678972963209e-01
9.269651954766508495e-02,0.000000000000000000e+00,1.312640198854758133e-01,8.239605025960750062e-02
9.269651954766632007e-02,0.000000000000000000e+00,1.312640198854757578e-01,8.239605025960779205e-02
3.125899727048487842e-01,3.498928484607180533e-01,2.937647155564864776e-01,3.225124887728831879e-01
3.125899727048488952e-01,3.498928484607181089e-01,2.937647155564867552e-01,3.225124887728831324e-01
9.025350447739523274e-02,7.226026207940181023e-02,8.801153735892111585e-02,6.975826784358053756e-02
9.025350447739495519e-02,7.226026207940147716e-02,8.801153735892099095e-02,6.975826784358016286e-02
1.055641344006923166e-01,1.153995959814520939e-01,1.045344836713946735e-01,1.143742520074585989e-01
1.055641344006924554e-01,1.153995959814519690e-01,1.045344836713945763e-01,1.143742520074585017e-01
1.529594547156298660e-02,2.795442945005071136e-02,1.098893869890117496e-02,2.029286293580284672e-02
1.529594547156330926e-02,2.795442945005033319e-02,1.098893869890120098e-02,2.029286293580209039e-02
5.644028035057468279e-02,1.009690695746843780e-01,4.408397692370921717e-02,7.778092013277300432e-02
5.644028035057500198e-02,1.009690695746842809e-01,4.408397692370890492e-02,7.778092013277242145e-02
1.022401732750047587e-01,8.922799155506538904e-02,1.106518456259451555e-01,1.000213655076527541e-01
1.022401732750047310e-01,8.922799155506609681e-02,1.106518456259453081e-01,1.000213655076525598e-01
1.153756569330630505e-01,1.241282373454753035e-01,1.235756116325934933e-01,1.314765116989070615e-01
1.153756569330630505e-01,1.241282373454752758e-01,1.235756116325932713e-01,1.314765116989071725e-01
1.604636098309535769e-02,2.842521792356803370e-02,1.228053508286388110e-02,2.118113334992431998e-02
1.604636098309521891e-02,2.842521792356808921e-02,1.228053508286424018e-02,2.118113334992438937e-02
6.473743842989453101e-02,1.100726830947125895e-01,5.728183812831001698e-02,9.278055272421209532e-02
6.473743842989457264e-02,1.100726830947127005e-01,5.728183812830996841e-02,9.278055272421228961e-02
9.301569513116798860e-02,8.211211813995931974e-02,9.367583774564783305e-02,8.596222487213461827e-02
9.301569513116833554e-02,8.211211813995966669e-02,9.367583774564788857e-02,8.596222487213457664e-02
1.043058254837122972e-01,1.121058390376146185e-01,1.030231634749134567e-01,1.093012139962171447e-01
1.043058254837120613e-01,1.121058390376144659e-01,1.030231634749134290e-01,1.093012139962171447e-01
1.302320790228448689e-02,2.108409439591080528e-02,0.000000000000000000e+00,1.565737152975340413e-02
1.302320790228389188e-02,2.108409439591036119e-02,0.000000000000000000e+00,1.565737152975325147e-02
6.518961642392451239e-02,1.081323844929057004e-01,5.747395784752434150e-02,9.004336289044664876e-02
6.518961642392426259e-02,1.081323844929057976e-01,5.747395784752436232e-02,9.004336289044662101e-02
2.044002643765538141e-01,2.007958843002419780e-01,2.437906452814836977e-01,2.413597658211658614e-01
2.044002643765537308e-01,2.007958843002421168e-01,2.437906452814837532e-01,2.413597658211661112e-01
2.100014416284065599e-01,2.134255380691262860e-01,2.495645579299820838e-01,2.519391499645696197e-01
2.100014416284065044e-01,2.134255380691258697e-01,2.495645579299821948e-01,2.519391499645694532e-01
8.854044663306311069e-02,0.000000000000000000e+00,1.265381826621680139e-01,8.407170668337654584e-02
8.854044663306281926e-02,0.000000000000000000e+00,1.265381826621678196e-01,8.407170668337630992e-02
1.647485364817069253e-01,2.066781847411398587e-01,1.932045666346734747e-01,2.248565927987448698e-01
1.647485364817067033e-01,2.066781847411393591e-01,1.932045666346733359e-01,2.248565927987447866e-01
3.080720347328087527e-01,3.041266343937787942e-01,3.023114157610744535e-01,2.983429267043685718e-01
3.080720347328086972e-01,3.041266343937784611e-01,3.023114157610745645e-01,2.983429267043685162e-01
3.163306846285756646e-01,3.200606588934320484e-01,3.142592836502122733e-01,3.179946340015228357e-01
3.163306846285758311e-01,3.200606588934324370e-01,3.142592836502121623e-01,3.179946340015227801e-01
9.935092807268697257e-02,0.000000000000000000e+00,7.088464842695363366e-02,0.000000000000000000e+00
9.935092807268632031e-02,0.000000000000000000e+00,7.088464842695371693e-02,0.000000000000000000e+00
2.228283435448215610e-01,2.769294883258620055e-01,1.877612087094144566e-01,2.315798989161013677e-01
2.228283435448219219e-01,2.769294883258621165e-01,1.877612087094145954e-01,2.315798989161013954e-01
3.116310788332189441e-01,3.077627731066022720e-01,3.093495895467622825e-01,3.055343360192067093e-01
3.116310788332189441e-01,3.077627731066024386e-01,3.093495895467622825e-01,3.055343360192067093e-01
3.198225365416180188e-01,3.234872097128617674e-01,3.211936146233559941e-01,3.248005222317710827e-01
3.198225365416184074e-01,3.234872097128615454e-01,3.211936146233557721e-01,3.248005222317711382e-01
1.047679344579416083e-01,0.000000000000000000e+00,7.886266457841932531e-02,0.000000000000000000e+00
1.047679344579417193e-01,0.000000000000000000e+00,7.886266457841935307e-02,0.000000000000000000e+00
2.278072284011777027e-01,2.813472207328760466e-01,1.971763600459912891e-01,2.404362020262308663e-01
2.278072284011776749e-01,2.813472207328760466e-01,1.971763600459910948e-01,2.404362020262305610e-01
2.546346638283349950e-01,2.506716118705931140e-01,2.164344972434121273e-01,2.126986034927962899e-01
2.546346638283348285e-01,2.506716118705927809e-01,2.164344972434120995e-01,2.126986034927964286e-01
2.616971047932760697e-01,2.654271697551092157e-01,2.242470645739091661e-01,2.277817342233173781e-01
2.616971047932759031e-01,2.654271697551096043e-01,2.242470645739093327e-01,2.277817342233176001e-01
9.438314337073831772e-02,0.000000000000000000e+00,7.416746598101306431e-02,0.000000000000000000e+00
9.438314337073853977e-02,0.000000000000000000e+00,7.416746598101275900e-02,0.000000000000000000e+00
1.864424974865218632e-01,2.367169530748940154e-01,1.412379768843270711e-01,1.782190855321715006e-01
1.864424974865218632e-01,2.367169530748939876e-01,1.412379768843271266e-01,1.782190855321718614e-01
3.128156008865563553e-01,3.099582872057130567e-01,3.122850364135523749e-01,3.100984082320260016e-01
3.128156008865566329e-01,3.099582872057127791e-01,3.122850364135524304e-01,3.100984082320257795e-01
3.189402769484303013e-01,3.217091772581737175e-01,3.192254816207807933e-01,3.213772192352708501e-01
3.189402769484304678e-01,3.217091772581738840e-01,3.192254816207806267e-01,3.213772192352709056e-01
1.706784304491748838e-01,1.089239780451952272e-01,1.754667844885159089e-01,1.396529660150380714e-01
1.706784304491749671e-01,1.089239780451956435e-01,1.754667844885158812e-01,1.396529660150380714e-01
2.612388613089605682e-01,3.043826646911822476e-01,2.558026490956738508e-01,2.875642302819593210e-01
2.612388613089603462e-01,3.043826646911824696e-01,2.558026490956740173e-01,2.875642302819594320e-01
1.042034674260094440e-01,9.218948264226885236e-02,1.020315066285010924e-01,8.996210270176305257e-02
1.042034674260090554e-01,9.218948264226811684e-02,1.020315066285017724e-01,8.996210270176294155e-02
9.172765258382131748e-02,1.040600422917215689e-01,9.068475467813227886e-02,1.030294166149714474e-01
9.172765258382177544e-02,1.040600422917213885e-01,9.068475467813237600e-02,1.030294166149713919e-01
4.931417851954375542e-02,1.305007600712734285e-02,3.559138788268507297e-02,9.376931458520487012e-03
4.931417851954391501e-02,1.305007600712712601e-02,3.559138788268497583e-02,9.376931458519942308e-03
2.439847348805579408e-02,4.921295811251379798e-02,2.270848089814406223e-02,3.867460071691959655e-02
2.439847348805676899e-02,4.921295811251390900e-02,2.270848089814446816e-02,3.867460071691952717e-02
1.139815153774311890e-01,1.038074354688784395e-01,1.208984628168105202e-01,1.119903617486220498e-01
1.139815153774316192e-01,1.038074354688784534e-01,1.208984628168103953e-01,1.119903617486219388e-01
1.037000285946064471e-01,1.140648069042896756e-01,1.133882190952899549e-01,1.224093201732962682e-01
1.037000285946057393e-01,1.140648069042896062e-01,1.133882190952900243e-01,1.224093201732962544e-01
5.666929648195227764e-02,1.391977985778644275e-02,4.617613516515098326e-02,1.087465372269007247e-02
5.666929648195243724e-02,1.391977985778630397e-02,4.617613516515076122e-02,1.087465372269004124e-02
2.553649032777443456e-02,5.735034911375391092e-02,2.535850037533672607e-02,5.157711888512420823e-02
2.553649032777221065e-02,5.735034911375413297e-02,2.535850037533573728e-02,5.157711888512422210e-02
1.032665600354528562e-01,9.436706969964822611e-02,1.015179461359873858e-01,9.468088567137253331e-02
1.032665600354533836e-01,9.436706969964792080e-02,1.015179461359869001e-01,9.468088567137253331e-02
9.407375958288687057e-02,1.031455890651939156e-01,9.515013351662675312e-02,1.021076855939782452e-01
9.407375958288731466e-02,1.031455890651934715e-01,9.515013351662662822e-02,1.021076855939783146e-01
5.989686937706639736e-02,0.000000000000000000e+00,5.200318629679800964e-02,0.000000000000000000e+00
5.989686937706641123e-02,0.000000000000000000e+00,5.200318629679807209e-02,0.000000000000000000e+00
1.698950392553533195e-02,5.822128573852606431e-02,0.000000000000000000e+00,5.225627209090143166e-02
1.698950392553027350e-02,5.822128573852630024e-02,0.000000000000000000e+00,5.225627209090160513e-02
2.083965456599664312e-01,2.048938633759481431e-01,2.465203375335756342e-01,2.441258670597134250e-01
2.083965456599666533e-01,2.048938633759477823e-01,2.465203375335754954e-01,2.441258670597133418e-01
2.060007908671246668e-01,2.095192509322120478e-01,2.468223703484127840e-01,2.492321795065497725e-01
2.060007908671247501e-01,2.095192509322123808e-01,2.468223703484128118e-01,2.492321795065497725e-01
1.470747699884161208e-01,9.720510410016448832e-02,1.636053315055683022e-01,1.315093900173334995e-01
1.470747699884162596e-01,9.720510410016508507e-02,1.636053315055683577e-01,1.315093900173330832e-01
1.020270188303375736e-01,1.582298670780385441e-01,1.510706092482008434e-01,1.884786949405307943e-01
1.020270188303377262e-01,1.582298670780380445e-01,1.510706092482009266e-01,1.884786949405309886e-01
3.124469848149860063e-01,3.086123704175742777e-01,3.067092831030948652e-01,3.028547307295618718e-01
3.124469848149862283e-01,3.086123704175744442e-01,3.067092831030945321e-01,3.028547307295618718e-01
3.119746589654792679e-01,3.158055455409031209e-01,3.098962429569309118e-01,3.137333419688534963e-01
3.119746589654791569e-01,3.158055455409030099e-01,3.098962429569308008e-01,3.137333419688533853e-01
1.751480473694359552e-01,1.104976924050632692e-01,1.249933666234791518e-01,7.878464338925857124e-02
1.751480473694361495e-01,1.104976924050631165e-01,1.249933666234792073e-01,7.878464338925861288e-02
1.419676797939301571e-01,2.144042471981313924e-01,1.259946610498381137e-01,1.810851673753468283e-01
1.419676797939302959e-01,2.144042471981309761e-01,1.259946610498385022e-01,1.810851673753466617e-01
3.159248897197579065e-01,3.121611526581787865e-01,3.135862258897704202e-01,3.098725103969930950e-01
3.159248897197578509e-01,3.121611526581790086e-01,3.135862258897701427e-01,3.098725103969929284e-01
3.155465989467005072e-01,3.193068282577615769e-01,3.169879741876555079e-01,3.206862150766743857e-01
3.155465989467005072e-01,3.193068282577617434e-01,3.169879741876553414e-01,3.206862150766747743e-01
1.794393782961546391e-01,1.156656117508956666e-01,1.318585773741721701e-01,8.648166071500340557e-02
1.794393782961545558e-01,1.156656117508958470e-01,1.318585773741720035e-01,8.648166071500328067e-02
1.483493228980379830e-01,2.194886246158520571e-01,1.367777028305939835e-01,1.906065582155317684e-01
1.483493228980375667e-01,2.194886246158518350e-01,1.367777028305938725e-01,1.906065582155319071e-01
2.590121145174455464e-01,2.551762539110744576e-01,2.205637799052158898e-01,2.169452458213133317e-01
2.590121145174457684e-01,2.551762539110745132e-01,2.205637799052159176e-01,2.169452458213132207e-01
2.573246831318146688e-01,2.611709435187782868e-01,2.201048546341741186e-01,2.237485273365546756e-01
2.573246831318150019e-01,2.611709435187785089e-01,2.201048546341741186e-01,2.237485273365545924e-01
1.595691346307120118e-01,1.039065517957314944e-01,1.194229122321333325e-01,8.066772015892402503e-02
1.595691346307126224e-01,1.039065517957313417e-01,1.194229122321335407e-01,8.066772015892412218e-02
1.129432492455408749e-01,1.786803850976907415e-01,8.919231091486085061e-02,1.356294273919315951e-01
1.129432492455412634e-01,1.786803850976907138e-01,8.919231091486097551e-02,1.356294273919316229e-01
3.160178053891423144e-01,3.132092050472861100e-01,3.147492632744213759e-01,3.125871612305947123e-01
3.160178053891422589e-01,3.132092050472865541e-01,3.147492632744215424e-01,3.125871612305947123e-01
3.157369830827165269e-01,3.185523421570813918e-01,3.167490680811702597e-01,3.189248313428094117e-01
3.157369830827165269e-01,3.185523421570813918e-01,3.167490680811702597e-01,3.189248313428096337e-01
2.235393666309673233e-01,1.778061452865508651e-01,2.099773092714754541e-01,1.799636575629759705e-01
2.235393666309671012e-01,1.778061452865507264e-01,2.099773092714753986e-01,1.799636575629757762e-01
2.024673021028687570e-01,2.547232134429574524e-01,2.152063803562158650e-01,2.511378642911091807e-01
2.024673021028687570e-01,2.547232134429575079e-01,2.152063803562157540e-01,2.511378642911090697e-01
1.147943443255334678e-01,1.050452673211301063e-01,1.126383698167154751e-01,1.028754645673135432e-01
1.147943443255339813e-01,1.050452673211304672e-01,1.126383698167154890e-01,1.028754645673138346e-01
7.223043876536167085e-02,9.060139825036760131e-02,7.117563137737008272e-02,8.955693765285842323e-02
7.223043876536255903e-02,9.060139825036755967e-02,7.117563137736972190e-02,8.955693765285878405e-02
9.361612466086917383e-02,5.295940824465443508e-02,6.729933943658564233e-02,3.819290509831738123e-02
9.361612466086845219e-02,5.295940824465367180e-02,6.729933943658519824e-02,3.819290509831697877e-02
4.761010173263558604e-02,2.642296085434435796e-02,4.529543859843489922e-02,2.458675982554571482e-02
4.761010173263591216e-02,2.642296085434436836e-02,4.529543859843530862e-02,2.458675982554563502e-02
1.234087618466955805e-01,1.147178168878598137e-01,1.294132878216603388e-01,1.215556860113523735e-01
1.234087618466968433e-01,1.147178168878599663e-01,1.294132878216609772e-01,1.215556860113526233e-01
8.964636694660681193e-02,1.027955643750019382e-01,1.019561071376594574e-01,1.126208054324738111e-01
8.964636694660622906e-02,1.027955643750024517e-01,1.019561071376585276e-01,1.126208054324738528e-01
1.019382707378664321e-01,6.041230995624762012e-02,7.981870046837943877e-02,4.894473016947241406e-02
1.019382707378671954e-01,6.041230995624794625e-02,7.981870046837978572e-02,4.894473016947267080e-02
4.842285038836988825e-02,2.751113370537462341e-02,4.758555853377863937e-02,2.716737167682286777e-02
4.842285038837478711e-02,2.751113370537497729e-02,4.758555853377916672e-02,2.716737167682260409e-02
1.116520827254641468e-01,1.039175120559667487e-01,1.082440593125384570e-01,1.020312592863575063e-01
1.116520827254648129e-01,1.039175120559668875e-01,1.082440593125380962e-01,1.020312592863572565e-01
8.224148359791345897e-02,9.329278552932497581e-02,8.675133601192647204e-02,9.456989104335604412e-02
8.224148359791495777e-02,9.329278552932504520e-02,8.675133601192587529e-02,9.456989104335589147e-02
1.028096648853043249e-01,6.345990031657068597e-02,8.388584844901361692e-02,5.463401734531189019e-02
1.028096648853033257e-01,6.345990031657043617e-02,8.388584844901439408e-02,5.463401734531223713e-02
3.013381753433215515e-02,1.810655429375255740e-02,2.310855489399137389e-02,0.000000000000000000e+00
3.013381753400633939e-02,1.810655429374808528e-02,2.310855489392758463e-02,0.000000000000000000e+00
2.120833271500549844e-01,2.086695980430869346e-01,2.490695080353555191e-01,2.467081350941281448e-01
2.120833271500548178e-01,2.086695980430871289e-01,2.490695080353557689e-01,2.467081350941282836e-01
2.021038759488043568e-01,2.057191679366886239e-01,2.441860973926766043e-01,2.466306822639116880e-01
2.021038759488044401e-01,2.057191679366888459e-01,2.441860973926763267e-01,2.466306822639115215e-01
1.890738715278147686e-01,1.504432192283937930e-01,1.934453380404912992e-01,1.659275671330375235e-01
1.890738715278143522e-01,1.504432192283937930e-01,1.934453380404913270e-01,1.659275671330377455e-01
0.000000000000000000e+00,9.644737346034881753e-02,9.898828295271233646e-02,1.477883151175008458e-01
0.000000000000000000e+00,9.644737346034816527e-02,9.898828295271265565e-02,1.477883151175005683e-01
3.164837136878288493e-01,3.127459345587295103e-01,3.107648368765381086e-01,3.070097011085772265e-01
3.164837136878294599e-01,3.127459345587287887e-01,3.107648368765383862e-01,3.070097011085772265e-01
3.077337111240667222e-01,3.116681025782049308e-01,3.056476412942175647e-01,3.095891612921585212e-01
3.077337111240662226e-01,3.116681025782049863e-01,3.056476412942177312e-01,3.095891612921585212e-01
2.299450889124259045e-01,1.795395706197568664e-01,1.650683535446401951e-01,1.281659441872609329e-01
2.299450889124262376e-01,1.795395706197575048e-01,1.650683535446404171e-01,1.281659441872606831e-01
0.000000000000000000e+00,1.349035241095472848e-01,0.000000000000000000e+00,1.209382876046796867e-01
0.000000000000000000e+00,1.349035241095470350e-01,0.000000000000000000e+00,1.209382876046796590e-01
3.198905106985522329e-01,3.162184532333391362e-01,3.175005208376179278e-01,3.138759426716873357e-01
3.198905106985521218e-01,3.162184532333393583e-01,3.175005208376179833e-01,3.138759426716871137e-01
3.113878945040166046e-01,3.152458421436949432e-01,3.129008615645395563e-01,3.166922852780832409e-01
3.113878945040167712e-01,3.152458421436946656e-01,3.129008615645395008e-01,3.166922852780831854e-01
2.337711635700813473e-01,1.837889301011965681e-01,1.716414295754869201e-01,1.350007586126577841e-01
2.337711635700822077e-01,1.837889301011964016e-01,1.716414295754870589e-01,1.350007586126580894e-01
0.000000000000000000e+00,1.414586214208755632e-01,0.000000000000000000e+00,1.318656890316355912e-01
0.000000000000000000e+00,1.414586214208750081e-01,0.000000000000000000e+00,1.318656890316355634e-01
2.630363588333581859e-01,2.593106130170027002e-01,2.243616622799407823e-01,2.208454378559057685e-01
2.630363588333576863e-01,2.593106130170029777e-01,2.243616622799404492e-01,2.208454378559057130e-01
2.530495871799637864e-01,2.570162773266461143e-01,2.160567797749002317e-01,2.198127522440897208e-01
2.530495871799634533e-01,2.570162773266465583e-01,2.160567797749000096e-01,2.198127522440891934e-01
2.074688253702829388e-01,1.633782521541161936e-01,1.532651459962091622e-01,1.221025062192561544e-01
2.074688253702829666e-01,1.633782521541157495e-01,1.532651459962096063e-01,1.221025062192562100e-01
0.000000000000000000e+00,1.065701245150680460e-01,0.000000000000000000e+00,8.481066441324447425e-02
0.000000000000000000e+00,1.065701245150672272e-01,0.000000000000000000e+00,8.481066441324464078e-02
3.190024599094369862e-01,3.162378722078207915e-01,3.170586763765791405e-01,3.149191324954824789e-01
3.190024599094375968e-01,3.162378722078206250e-01,3.170586763765790295e-01,3.149191324954824234e-01
3.126513185462110878e-01,3.155128239498793952e-01,3.143770912857307143e-01,3.165763035118678292e-01
3.126513185462106992e-01,3.155128239498790621e-01,3.143770912857306032e-01,3.165763035118681068e-01
2.657064162933829854e-01,2.268325306815564268e-01,2.389381700016499910e-01,2.122013242908910302e-01
2.657064162933831519e-01,2.268325306815560383e-01,2.389381700016503240e-01,2.122013242908907527e-01
1.275514679304143584e-01,1.978235743726406148e-01,1.697169383502772355e-01,2.121576531273826338e-01
1.275514679304137200e-01,1.978235743726407814e-01,1.697169383502773465e-01,2.121576531273824673e-01
1.234930128359668783e-01,1.150200263115190163e-01,1.213362336559852400e-01,1.128641659602107883e-01
1.234930128359672669e-01,1.150200263115187110e-01,1.213362336559843518e-01,1.128641659602111075e-01
0.000000000000000000e+00,7.159493416716589120e-02,0.000000000000000000e+00,7.054408748432534904e-02
0.000000000000000000e+00,7.159493416716533609e-02,0.000000000000000000e+00,7.054408748432471066e-02
1.295801376877548372e-01,9.454581973705254716e-02,9.329901197634778154e-02,6.796770606019152117e-02
1.295801376877564193e-01,9.454581973705390718e-02,9.329901197634801746e-02,6.796770606018996685e-02
6.427854526108649214e-02,4.806392505531668913e-02,6.307115302955555725e-02,4.576172733758684941e-02
6.427854526107935895e-02,4.806392505531274090e-02,6.307115302955045022e-02,4.576172733758671757e-02
1.313633769647426786e-01,1.236130492768079125e-01,1.367372852162088426e-01,1.295999628974706941e-01
1.313633769647408744e-01,1.236130492768069133e-01,1.367372852162092034e-01,1.295999628974702778e-01
6.937791954223884727e-02,8.926348292659865014e-02,8.824147304134491443e-02,1.016621243051001877e-01
6.937791954223382351e-02,8.926348292659920525e-02,8.824147304134326297e-02,1.016621243051000906e-01
1.383280017228410153e-01,1.028826701399943311e-01,1.071053279576977685e-01,8.052378308403403129e-02
1.383280017228418479e-01,1.028826701399933319e-01,1.071053279576974077e-01,8.052378308403515539e-02
6.496379703005672468e-02,4.887266496936706200e-02,6.521598325765656790e-02,4.804790340246246211e-02
6.496379703006913142e-02,4.887266496936926163e-02,6.521598325765654014e-02,4.804790340246102576e-02
1.187953149541576409e-01,1.118348663615261890e-01,1.141386767604347374e-01,1.083931822455431460e-01
1.187953149541570580e-01,1.118348663615254257e-01,1.141386767604341268e-01,1.083931822455428823e-01
6.731171114224369922e-02,8.193075536874727671e-02,7.760612638075638225e-02,8.654328359928593895e-02
6.731171114224365759e-02,8.193075536874572240e-02,7.760612638075616021e-02,8.654328359928543934e-02
1.371038727791443201e-01,1.037011373461242114e-01,1.094828868118314230e-01,8.455053722244836034e-02
1.371038727791435430e-01,1.037011373461242114e-01,1.094828868118318116e-01,8.455053722244797176e-02
3.949647637061838579e-02,3.039055651574930003e-02,3.019083577658291870e-02,2.329830669465295101e-02
3.949647634594862650e-02,3.039055651596243163e-02,3.019083578322486264e-02,2.329830669474921775e-02
2.155028133357649867e-01,2.121677001422765108e-01,2.514592952243358548e-01,2.491281836523684123e-01
2.155028133357648479e-01,2.121677001422757614e-01,2.514592952243348556e-01,2.491281836523679405e-01
1.982973392443411198e-01,2.020122433414916208e-01,2.416455545496751789e-01,2.441245331257972384e-01
1.982973392443411198e-01,2.020122433414919816e-01,2.416455545496750956e-01,2.441245331257976547e-01
2.233602996294577758e-01,1.899637889104967559e-01,2.188910111760514754e-01,1.940953092956506087e-01
2.233602996294573040e-01,1.899637889104963395e-01,2.188910111760516142e-01,1.940953092956508030e-01
0.000000000000000000e+00,0.000000000000000000e+00,0.000000000000000000e+00,9.753266895770865141e-02
0.000000000000000000e+00,0.000000000000000000e+00,0.000000000000000000e+00,9.753266895770903999e-02
3.202283324123320618e-01,3.165761025307584631e-01,3.145250704570075606e-01,3.108576318453614706e-01
3.202283324123327835e-01,3.165761025307585741e-01,3.145250704570074496e-01,3.108576318453616372e-01
3.035931683218633381e-01,3.076340144043147595e-01,3.014987800240676030e-01,3.055477544390878264e-01
3.035931683218638377e-01,3.076340144043142044e-01,3.014987800240674365e-01,3.055477544390877709e-01
2.744840436365919567e-01,2.311049231447835361e-01,1.986412765334437946e-01,1.659299293233083561e-01
2.744840436365920677e-01,2.311049231447829255e-01,1.986412765334441555e-01,1.659299293233088557e-01
0.000000000000000000e+00,0.000000000000000000e+00,0.000000000000000000e+00,0.000000000000000000e+00
0.000000000000000000e+00,0.000000000000000000e+00,0.000000000000000000e+00,0.000000000000000000e+00
3.235721636434228388e-01,3.199813121780532010e-01,3.211356998869123736e-01,3.175901628477136307e-01
3.235721636434231163e-01,3.199813121780533676e-01,3.211356998869123180e-01,3.175901628477134642e-01
3.073320502013651701e-01,3.112901846637354253e-01,3.089181458598064256e-01,3.128048740584952747e-01
3.073320502013657252e-01,3.112901846637354253e-01,3.089181458598066476e-01,3.128048740584954412e-01
2.779905173937464169e-01,2.349221586023117481e-01,2.050439315717091093e-01,1.724981703547543155e-01
2.779905173937483598e-01,2.349221586023116093e-01,2.050439315717091648e-01,1.724981703547544543e-01
0.000000000000000000e+00,0.000000000000000000e+00,0.000000000000000000e+00,0.000000000000000000e+00
0.000000000000000000e+00,0.000000000000000000e+00,0.000000000000000000e+00,0.000000000000000000e+00
2.667575780181544731e-01,2.631283039214046826e-01,2.278745621930156895e-01,2.244484504539159542e-01
2.667575780181546397e-01,2.631283039214040720e-01,2.278745621930161613e-01,2.244484504539159264e-01
2.488569603022211529e-01,2.529488599255558245e-01,2.120895271964463868e-01,2.159614315545019259e-01
2.488569603022205978e-01,2.529488599255548253e-01,2.120895271964458317e-01,2.159614315545020369e-01
2.471300860582988923e-01,2.084926903693850864e-01,1.815369420458335381e-01,1.539918570378738527e-01
2.471300860582991421e-01,2.084926903693841149e-01,1.815369420458329275e-01,1.539918570378741580e-01
0.000000000000000000e+00,0.000000000000000000e+00,0.000000000000000000e+00,0.000000000000000000e+00
0.000000000000000000e+00,0.000000000000000000e+00,0.000000000000000000e+00,0.000000000000000000e+00
3.217956612125181803e-01,3.190710956507333829e-01,3.192306220387319260e-01,3.171119240263098327e-01
3.217956612125179583e-01,3.190710956507336604e-01,3.192306220387325366e-01,3.171119240263094441e-01
3.096717697238492439e-01,3.125791859536170558e-01,3.120996676164446426e-01,3.143218054279906526e-01
3.096717697238486333e-01,3.125791859536167783e-01,3.120996676164444761e-01,3.143218054279906526e-01
3.013740534617215250e-01,2.666211134647131220e-01,2.641436074393299638e-01,2.395770049775997057e-01
3.013740534617213584e-01,2.666211134647129000e-01,2.641436074393296862e-01,2.395770049776002886e-01
0.000000000000000000e+00,1.254312064078851596e-01,1.145837181054561726e-01,1.685410875902576266e-01
0.000000000000000000e+00,1.254312064078851041e-01,1.145837181054562004e-01,1.685410875902579042e-01
1.309330290789244011e-01,1.233022836248385268e-01,1.287685956359604644e-01,1.211456249032834276e-01
1.309330290789204876e-01,1.233022836248395537e-01,1.287685956359610473e-01,1.211456249032841492e-01
0.000000000000000000e+00,0.000000000000000000e+00,0.000000000000000000e+00,0.000000000000000000e+00
0.000000000000000000e+00,0.000000000000000000e+00,0.000000000000000000e+00,0.000000000000000000e+00
1.607698475352920542e-01,1.287867278875377830e-01,1.161527041107377478e-01,9.272172528724102747e-02
1.607698475352937750e-01,1.287867278875384769e-01,1.161527041107376229e-01,9.272172528724169360e-02
7.748776224831428749e-02,6.392887873359448525e-02,7.805416182570644457e-02,6.268480900143592882e-02
7.748776224829931336e-02,6.392887873361918771e-02,7.805416182570591721e-02,6.268480900143517942e-02
1.382763875162548450e-01,1.311873546057962525e-01,1.431806457754546125e-01,1.365740922108099886e-01
1.382763875162559275e-01,1.311873546057965856e-01,1.431806457754538076e-01,1.365740922108101274e-01
0.000000000000000000e+00,7.001657675774643208e-02,6.950709660990760097e-02,8.860958665447758731e-02
0.000000000000000000e+00,7.001657675773195755e-02,6.950709660990644911e-02,8.860958665447793425e-02
1.696968920019341909e-01,1.375280239615599698e-01,1.308679811667415871e-01,1.065025149320630582e-01
1.696968920019345517e-01,1.375280239615590538e-01,1.308679811667405601e-01,1.065025149320631137e-01
7.809266758276536824e-02,6.461646810252505424e-02,8.007419492915031356e-02,6.483280316051452663e-02
7.809266758281332987e-02,6.461646810255072815e-02,8.007419492914837067e-02,6.483280316051648340e-02
1.250387376439781317e-01,1.186367287761597861e-01,1.193880534523469455e-01,1.140064306245330145e-01
1.250387376439753284e-01,1.186367287761600220e-01,1.193880534523465708e-01,1.140064306245325981e-01
4.629593725545796956e-02,6.772415454127952983e-02,6.741254975792747295e-02,7.783466050320693441e-02
4.629593636552852692e-02,6.772415454126354262e-02,6.741254975792553006e-02,7.783466050320650420e-02
1.666334884662505067e-01,1.363507081512010943e-01,1.315749329824064118e-01,1.089201461033305479e-01
1.666334884662520055e-01,1.363507081512010943e-01,1.315749329824066893e-01,1.089201461033302981e-01
4.684099373597268301e-02,3.930133577052786348e-02,3.593514715911776819e-02,3.004017701774967797e-02
4.684099272220215021e-02,3.930133578773934572e-02,3.593514713942243949e-02,3.004017701302927335e-02
2.186892375399178967e-01,2.154242280745384264e-01,2.537074072299178584e-01,2.514041063769433260e-01
2.186892375399170640e-01,2.154242280745374827e-01,2.537074072299186911e-01,2.514041063769436590e-01
1.945693928814486440e-01,1.983870136982393839e-01,2.391919586264865116e-01,2.417050008256147464e-01
1.945693928814496987e-01,1.983870136982415211e-01,2.391919586264862063e-01,2.417050008256148297e-01
2.527450377152727357e-01,2.226081333016605712e-01,2.412571048792856443e-01,2.183247029337427036e-01
2.527450377152737904e-01,2.226081333016600716e-01,2.412571048792856443e-01,2.183247029337424261e-01
0.000000000000000000e+00,0.000000000000000000e+00,0.000000000000000000e+00,0.000000000000000000e+00
0.000000000000000000e+00,0.000000000000000000e+00,0.000000000000000000e+00,0.000000000000000000e+00
3.237182262950934475e-01,3.201422689144161615e-01,3.180280204519842502e-01,3.144386671373589071e-01
3.237182262950931144e-01,3.201422689144163836e-01,3.180280204519839726e-01,3.144386671373587405e-01
2.995400606790576403e-01,3.036906880395363606e-01,2.974366509754696186e-01,3.015965058737380411e-01
2.995400606790569742e-01,3.036906880395357500e-01,2.974366509754691190e-01,3.015965058737378190e-01
3.123306037009023761e-01,2.735109158487865622e-01,2.280248919025545662e-01,1.978964505443545352e-01
3.123306037009027092e-01,2.735109158487867287e-01,2.280248919025543164e-01,1.978964505443547572e-01
0.000000000000000000e+00,0.000000000000000000e+00,1.259254593506597131e-01,0.000000000000000000e+00
0.000000000000000000e+00,0.000000000000000000e+00,1.259254593506587971e-01,0.000000000000000000e+00
3.270058036651011246e-01,3.234875163802073406e-01,3.245269490246362465e-01,3.210521088894356945e-01
3.270058036651012912e-01,3.234875163802073961e-01,3.245269490246360800e-01,3.210521088894359720e-01
3.033664138224593798e-01,3.074275223661368517e-01,3.050274252408805564e-01,3.090118571048463547e-01
3.033664138224592688e-01,3.074275223661366852e-01,3.050274252408810560e-01,3.090118571048464657e-01
3.155930432619312165e-01,2.770239764302878660e-01,2.342907989412271741e-01,2.043026326699478867e-01
3.155930432619313830e-01,2.770239764302869778e-01,2.342907989412273406e-01,2.043026326699475537e-01
0.000000000000000000e+00,0.000000000000000000e+00,0.000000000000000000e+00,0.000000000000000000e+00
0.000000000000000000e+00,0.000000000000000000e+00,0.000000000000000000e+00,0.000000000000000000e+00
2.702160680259951264e-01,2.666721744356169155e-01,2.311399580876601634e-01,2.277939319312954625e-01
2.702160680259942938e-01,2.666721744356164714e-01,2.311399580876599413e-01,2.277939319312952959e-01
2.447334489154624482e-01,2.489559311098814842e-01,2.081913339566432153e-01,2.121831390579247412e-01
2.447334489154626147e-01,2.489559311098814565e-01,2.081913339566426324e-01,2.121831390579238807e-01
2.813707266012361874e-01,2.462559533950139656e-01,2.062085776856484309e-01,1.809107534564691200e-01
2.813707266012370201e-01,2.462559533950138824e-01,2.062085776856478481e-01,1.809107534564691477e-01
0.000000000000000000e+00,0.000000000000000000e+00,0.000000000000000000e+00,0.000000000000000000e+00
0.000000000000000000e+00,0.000000000000000000e+00,0.000000000000000000e+00,0.000000000000000000e+00
3.244191716362068711e-01,3.217312074162432256e-01,3.212797429602242683e-01,3.191803897529033596e-01
3.244191716362073707e-01,3.217312074162441138e-01,3.212797429602244903e-01,3.191803897529033041e-01
3.067883969040653414e-01,3.097415569822984938e-01,3.099082787119090687e-01,3.121528607377616060e-01
3.067883969040648973e-01,3.097415569822985493e-01,3.099082787119090687e-01,3.121528607377617726e-01
3.324443363268719809e-01,3.005836856202017127e-01,2.865713658204930292e-01,2.635787155607664523e-01
3.324443363268738127e-01,3.005836856202019902e-01,2.865713658204933623e-01,2.635787155607662857e-01
0.000000000000000000e+00,0.000000000000000000e+00,0.000000000000000000e+00,1.160290299993388119e-01
0.000000000000000000e+00,0.000000000000000000e+00,0.000000000000000000e+00,1.160290299993385482e-01
1.374587061820754519e-01,1.304350378295097146e-01,1.352834917209766175e-01,1.282712827335132366e-01
1.374587061820724265e-01,1.304350378295092150e-01,1.352834917209767007e-01,1.282712827335135142e-01
0.000000000000000000e+00,0.000000000000000000e+00,0.000000000000000000e+00,0.000000000000000000e+00
0.000000000000000000e+00,0.000000000000000000e+00,0.000000000000000000e+00,0.000000000000000000e+00
1.885449063354733834e-01,1.586667122012721531e-01,1.367910004082145137e-01,1.146013185301446996e-01
1.885449063354769084e-01,1.586667122012724307e-01,1.367910004082147635e-01,1.146013185301461845e-01
8.850571326464559685e-02,7.662725264528444380e-02,9.106894207189865365e-02,7.705626072364112067e-02
8.850571326469407196e-02,7.662725264532979641e-02,9.106894207189594748e-02,7.705626072363951085e-02
1.444042103775658170e-01,1.378110446431402569e-01,1.489408157746996419e-01,1.427449654816339286e-01
1.444042103775806107e-01,1.378110446431421443e-01,1.489408157746992811e-01,1.427449654816348446e-01
0.000000000000000000e+00,0.000000000000000000e+00,0.000000000000000000e+00,7.111428494013491419e-02
0.000000000000000000e+00,0.000000000000000000e+00,0.000000000000000000e+00,7.111428494014473967e-02
1.975269540526265188e-01,1.675860084496885449e-01,1.521724378393332078e-01,1.292608725572334527e-01
1.975269540526554957e-01,1.675860084496890445e-01,1.521724378393343458e-01,1.292608725572336192e-01
8.905386592146670444e-02,7.723695808986864864e-02,9.297857043101057095e-02,7.908471485107075594e-02
8.905386592126944556e-02,7.723695808993154277e-02,9.297857043101209751e-02,7.908471485107013144e-02
1.305940542276571303e-01,1.246176133712974671e-01,1.241208690068790615e-01,1.190315104949024039e-01
1.305940542276666783e-01,1.246176133713000900e-01,1.241208690068799358e-01,1.190315104949047076e-01
0.000000000000000000e+00,4.803028673351183997e-02,5.574897174076159923e-02,6.818356436866106207e-02
0.000000000000000000e+00,4.803028676863498048e-02,5.574897173997792055e-02,6.818356436866332415e-02
1.928366994258606248e-01,1.646462818319381904e-01,1.512456931292725515e-01,1.300861373479691996e-01
1.928366994258653988e-01,1.646462818319375243e-01,1.512456931292714135e-01,1.300861373479695049e-01
5.294214132529033445e-02,4.636381803457265832e-02,4.079139331278081732e-02,3.555808550197388229e-02
5.294215022796233683e-02,4.636381837150695823e-02,4.079139331347439446e-02,3.555808553731842903e-02
2.216707439660349221e-01,2.184687351683272660e-01,2.558288177781590789e-01,2.535511932982508765e-01
2.216707439660337287e-01,2.184687351683252954e-01,2.558288177781589123e-01,2.535511932982504324e-01
1.909095173545761193e-01,1.948332990085309968e-01,2.368176791781703150e-01,2.393645005869067810e-01
1.909095173545780066e-01,1.948332990085297756e-01,2.368176791781696211e-01,2.393645005869065867e-01
2.786090855889940543e-01,2.507750449438775342e-01,2.612933112031894378e-01,2.397437336615447223e-01
2.786090855889971074e-01,2.507750449438783114e-01,2.612933112031894378e-01,2.397437336615441672e-01
5.949877873827120328e-02,0.000000000000000000e+00,0.000000000000000000e+00,0.000000000000000000e+00
5.949877908561355261e-02,0.000000000000000000e+00,0.000000000000000000e+00,0.000000000000000000e+00
3.269841235476290131e-01,3.234767080580340237e-01,3.213049060108823518e-01,3.177856432842234846e-01
3.269841235476290131e-01,3.234767080580348009e-01,3.213049060108817967e-01,3.177856432842232626e-01
2.955627850203324525e-01,2.998269229392681035e-01,2.934496079794781109e-01,2.977241817942632429e-01
2.955627850203339513e-01,2.998269229392677704e-01,2.934496079794776668e-01,2.977241817942629099e-01
3.453509938602888907e-01,3.098041524918991874e-01,2.543305451115797089e-01,2.260378445904992206e-01
3.453509938602887241e-01,3.098041524918992429e-01,2.543305451115788762e-01,2.260378445904988320e-01
1.196585726393334381e-01,0.000000000000000000e+00,1.386773362417980660e-01,1.249500592061157100e-01
1.196585726393286780e-01,0.000000000000000000e+00,1.386773362417987598e-01,1.249500592061162374e-01
3.302210544905728740e-01,3.267681060423225925e-01,3.277032868772720708e-01,3.242921575923123911e-01
3.302210544905737066e-01,3.267681060423224815e-01,3.277032868772730145e-01,3.242921575923129462e-01
2.994797232588248814e-01,3.036469290630250950e-01,3.012176970988933444e-01,3.053025246524112557e-01
2.994797232588242708e-01,3.036469290630250950e-01,3.012176970988933444e-01,3.053025246524118663e-01
3.484184325525077064e-01,3.130821743815682123e-01,2.604729023973081370e-01,2.323129670369278033e-01
3.484184325525075954e-01,3.130821743815683789e-01,2.604729023973080260e-01,2.323129670369281363e-01
1.203415684996364532e-01,0.000000000000000000e+00,1.400934658630828278e-01,0.000000000000000000e+00
1.203415684996244350e-01,0.000000000000000000e+00,1.400934658630836327e-01,0.000000000000000000e+00
2.734446753689317999e-01,2.699770095409206871e-01,2.341885253631941777e-01,2.309142364332849029e-01
2.734446753689353526e-01,2.699770095409201875e-01,2.341885253631951769e-01,2.309142364332853747e-01
2.406668697942058732e-01,2.450259587968909025e-01,2.043517039274328762e-01,2.084677163049727111e-01
2.406668697942067336e-01,2.450259587968904584e-01,2.043517039274324876e-01,2.084677163049731830e-01
3.115793098191757537e-01,2.790710979893198385e-01,2.282606185432891899e-01,2.045418423785483886e-01
3.115793098191742549e-01,2.790710979893205601e-01,2.282606185432896340e-01,2.045418423785473061e-01
6.313959754341920416e-02,0.000000000000000000e+00,4.799873311698585332e-02,0.000000000000000000e+00
6.313959756061493511e-02,0.000000000000000000e+00,4.799873309253722964e-02,0.000000000000000000e+00
3.268913187665536402e-01,3.242369976737212167e-01,3.232185063406633474e-01,3.211371737101397228e-01
3.268913187665542508e-01,3.242369976737211612e-01,3.232185063406635139e-01,3.211371737101401114e-01
3.039925552217268567e-01,3.069913534967027013e-01,3.077955287762498826e-01,3.100621166900224823e-01
3.039925552217279670e-01,3.069913534967023683e-01,3.077955287762497716e-01,3.100621166900225378e-01
3.600118796717640124e-01,3.303514433349256096e-01,3.068297153968371216e-01,2.850471507865098841e-01
3.600118796717645120e-01,3.303514433349249990e-01,3.068297153968375657e-01,2.850471507865098286e-01
0.000000000000000000e+00,0.000000000000000000e+00,0.000000000000000000e+00,0.000000000000000000e+00
0.000000000000000000e+00,0.000000000000000000e+00,0.000000000000000000e+00,0.000000000000000000e+00
